Comment,Designator,Footprint,LCSC,Quantity
C,"C1,C3",C_0603_1608Metric,C15849,2
INA3221,U1,Texas_RGV0016A_VQFN-16-1EP_4x4mm_P0.65mm_EP2.1x2.1mm,C181255,1
R,R3,R_0603_1608Metric,C22936,1
R,R2,R_0603_1608Metric,C23164,1
R,R1,R_0603_1608Metric,C23345,1
470R,R8,R_0402_1005Metric,C25117,1
4.7k,"R4,R5",R_0402_1005Metric,C25900,2
C,"C2,C4",C_0402_1005Metric,C307331,2
STM32F030F4Px,U2,TSSOP-20_4.4x6.5mm_P0.65mm,C32908,1
TestPoint,TP2,TestPoint_THTPad_2.0x2.0mm_Drill1.0mm,,1
TestPoint,TP1,TestPoint_THTPad_2.0x2.0mm_Drill1.0mm,,1
TestPoint,TP4,TestPoint_Pad_1.0x1.0mm,,1
TestPoint,TP3,TestPoint_Pad_1.0x1.0mm,,1
4.7k,R7,R_0402_1005Metric,,1
LED,D1,LED_0603_1608Metric,,1
4.7k,R6,R_0402_1005Metric,,1
