Designator,Val,Package,Mid X,Mid Y,Rotation,Layer
C1,C,C_0603_1608Metric,147.05,-102.9,-90.0,top
C2,C,C_0402_1005Metric,148.3,-102.68,-90.0,top
C3,C,C_0603_1608Metric,141.8,-87.4,90.0,top
C4,C,C_0402_1005Metric,152.7,-87.7,90.0,top
D1,LED,LED_0603_1608Metric,141.0,-84.75,0.0,top
R1,R,R_0603_1608Metric,143.65,-94.5,180.0,top
R2,R,R_0603_1608Metric,141.3,-98.55,-90.0,top
R3,R,R_0603_1608Metric,143.9,-102.2125,0.0,top
R4,4.7k,R_0402_1005Metric,148.35,-97.25,90.0,top
R5,4.7k,R_0402_1005Metric,148.85,-99.15,-90.0,top
R6,4.7k,R_0402_1005Metric,152.95,-94.8,-90.0,top
R7,4.7k,R_0402_1005Metric,151.95,-94.8,-90.0,top
R8,470R,R_0402_1005Metric,140.2,-86.25,90.0,top
U1,INA3221,Texas_RGV0016A_VQFN-16-1EP_4x4mm_P0.65mm_EP2.1x2.1mm,144.975,-98.175,90.0,top
U2,STM32F030F4Px,TSSOP-20_4.4x6.5mm_P0.65mm,147.2125,-87.9,180.0,top
